{  
   "generated_at":"2017-04-10T21:44:24+00:00",
   "schema":"http:\/\/schemas.sportradar.com\/bsa\/json\/v1\/endpoints\/soccer\/results.json",
   "results":[  
      {  
         "sport_event":{  
            "id":"sr:match:9769639",
            "scheduled":"2017-03-01T18:30:00+00:00",
            "start_time_tbd":false,
            "tournament_round":{  
               "type":"group",
               "number":25
            },
            "season":{  
               "id":"sr:season:33529",
               "name":"Primera Division 16\/17",
               "start_date":"2016-08-18",
               "end_date":"2017-05-22",
               "year":"16\/17",
               "tournament_id":"sr:tournament:8"
            },
            "tournament":{  
               "id":"sr:tournament:8",
               "name":"Primera Division",
               "sport":{  
                  "id":"sr:sport:1",
                  "name":"Soccer"
               },
               "category":{  
                  "id":"sr:category:32",
                  "name":"Spain",
                  "country_code":"ESP"
               }
            },
            "competitors":[  
               {  
                  "id":"sr:competitor:2820",
                  "name":"CA Osasuna",
                  "country":"Spain",
                  "country_code":"ESP",
                  "abbreviation":"OSA",
                  "qualifier":"home"
               },
               {  
                  "id":"sr:competitor:2819",
                  "name":"Villarreal CF",
                  "country":"Spain",
                  "country_code":"ESP",
                  "abbreviation":"VIL",
                  "qualifier":"away"
               }
            ]
         },
         "sport_event_status":{  
            "status":"closed",
            "home_score":1,
            "away_score":4,
            "winner_id":"sr:competitor:2819",
            "period_scores":[  
               {  
                  "home_score":0,
                  "away_score":2,
                  "type":"regular_period",
                  "number":1
               },
               {  
                  "home_score":1,
                  "away_score":2,
                  "type":"regular_period",
                  "number":2
               }
            ]
         }
      },
      {  
         "sport_event":{  
            "id":"sr:match:9769655",
            "scheduled":"2017-03-01T18:30:00+00:00",
            "start_time_tbd":false,
            "tournament_round":{  
               "type":"group",
               "number":25
            },
            "season":{  
               "id":"sr:season:33529",
               "name":"Primera Division 16\/17",
               "start_date":"2016-08-18",
               "end_date":"2017-05-22",
               "year":"16\/17",
               "tournament_id":"sr:tournament:8"
            },
            "tournament":{  
               "id":"sr:tournament:8",
               "name":"Primera Division",
               "sport":{  
                  "id":"sr:sport:1",
                  "name":"Soccer"
               },
               "category":{  
                  "id":"sr:category:32",
                  "name":"Spain",
                  "country_code":"ESP"
               }
            },
            "competitors":[  
               {  
                  "id":"sr:competitor:2817",
                  "name":"FC Barcelona",
                  "country":"Spain",
                  "country_code":"ESP",
                  "abbreviation":"BAR",
                  "qualifier":"home"
               },
               {  
                  "id":"sr:competitor:2852",
                  "name":"Sporting Gijon",
                  "country":"Spain",
                  "country_code":"ESP",
                  "abbreviation":"GIJ",
                  "qualifier":"away"
               }
            ]
         },
         "sport_event_status":{  
            "status":"closed",
            "home_score":6,
            "away_score":1,
            "winner_id":"sr:competitor:2817",
            "period_scores":[  
               {  
                  "home_score":3,
                  "away_score":1,
                  "type":"regular_period",
                  "number":1
               },
               {  
                  "home_score":3,
                  "away_score":0,
                  "type":"regular_period",
                  "number":2
               }
            ]
         }
      },
      {  
         "sport_event":{  
            "id":"sr:match:11108731",
            "scheduled":"2017-03-01T18:30:00+00:00",
            "start_time_tbd":false,
            "tournament_round":{  
               "type":"group",
               "number":24
            },
            "season":{  
               "id":"sr:season:32621",
               "name":"Ligue 1 16\/17",
               "start_date":"2016-08-11",
               "end_date":"2017-05-22",
               "year":"16\/17",
               "tournament_id":"sr:tournament:34"
            },
            "tournament":{  
               "id":"sr:tournament:34",
               "name":"Ligue 1",
               "sport":{  
                  "id":"sr:sport:1",
                  "name":"Soccer"
               },
               "category":{  
                  "id":"sr:category:7",
                  "name":"France",
                  "country_code":"FRA"
               }
            },
            "competitors":[  
               {  
                  "id":"sr:competitor:1655",
                  "name":"SC Bastia",
                  "country":"France",
                  "country_code":"FRA",
                  "abbreviation":"SCB",
                  "qualifier":"home"
               },
               {  
                  "id":"sr:competitor:1647",
                  "name":"FC Nantes",
                  "country":"France",
                  "country_code":"FRA",
                  "abbreviation":"FCN",
                  "qualifier":"away"
               }
            ]
         },
         "sport_event_status":{  
            "status":"closed",
            "home_score":2,
            "away_score":2,
            "period_scores":[  
               {  
                  "home_score":0,
                  "away_score":0,
                  "type":"regular_period",
                  "number":1
               },
               {  
                  "home_score":2,
                  "away_score":2,
                  "type":"regular_period",
                  "number":2
               }
            ]
         }
      },
      {  
         "sport_event":{  
            "id":"sr:match:9769637",
            "scheduled":"2017-03-01T20:30:00+00:00",
            "start_time_tbd":false,
            "tournament_round":{  
               "type":"group",
               "number":25
            },
            "season":{  
               "id":"sr:season:33529",
               "name":"Primera Division 16\/17",
               "start_date":"2016-08-18",
               "end_date":"2017-05-22",
               "year":"16\/17",
               "tournament_id":"sr:tournament:8"
            },
            "tournament":{  
               "id":"sr:tournament:8",
               "name":"Primera Division",
               "sport":{  
                  "id":"sr:sport:1",
                  "name":"Soccer"
               },
               "category":{  
                  "id":"sr:category:32",
                  "name":"Spain",
                  "country_code":"ESP"
               }
            },
            "competitors":[  
               {  
                  "id":"sr:competitor:2821",
                  "name":"Celta de Vigo",
                  "country":"Spain",
                  "country_code":"ESP",
                  "abbreviation":"CEV",
                  "qualifier":"home"
               },
               {  
                  "id":"sr:competitor:2814",
                  "name":"Espanyol Barcelona",
                  "country":"Spain",
                  "country_code":"ESP",
                  "abbreviation":"ESP",
                  "qualifier":"away"
               }
            ]
         },
         "sport_event_status":{  
            "status":"closed",
            "home_score":2,
            "away_score":2,
            "period_scores":[  
               {  
                  "home_score":2,
                  "away_score":2,
                  "type":"regular_period",
                  "number":1
               },
               {  
                  "home_score":0,
                  "away_score":0,
                  "type":"regular_period",
                  "number":2
               }
            ]
         }
      },
      {  
         "sport_event":{  
            "id":"sr:match:9769641",
            "scheduled":"2017-03-01T20:30:00+00:00",
            "start_time_tbd":false,
            "tournament_round":{  
               "type":"group",
               "number":25
            },
            "season":{  
               "id":"sr:season:33529",
               "name":"Primera Division 16\/17",
               "start_date":"2016-08-18",
               "end_date":"2017-05-22",
               "year":"16\/17",
               "tournament_id":"sr:tournament:8"
            },
            "tournament":{  
               "id":"sr:tournament:8",
               "name":"Primera Division",
               "sport":{  
                  "id":"sr:sport:1",
                  "name":"Soccer"
               },
               "category":{  
                  "id":"sr:category:32",
                  "name":"Spain",
                  "country_code":"ESP"
               }
            },
            "competitors":[  
               {  
                  "id":"sr:competitor:2829",
                  "name":"Real Madrid",
                  "country":"Spain",
                  "country_code":"ESP",
                  "abbreviation":"MAD",
                  "qualifier":"home"
               },
               {  
                  "id":"sr:competitor:6577",
                  "name":"Las Palmas UD",
                  "country":"Spain",
                  "country_code":"ESP",
                  "abbreviation":"LAP",
                  "qualifier":"away"
               }
            ]
         },
         "sport_event_status":{  
            "status":"closed",
            "home_score":3,
            "away_score":3,
            "period_scores":[  
               {  
                  "home_score":1,
                  "away_score":1,
                  "type":"regular_period",
                  "number":1
               },
               {  
                  "home_score":2,
                  "away_score":2,
                  "type":"regular_period",
                  "number":2
               }
            ]
         }
      },
      {  
         "sport_event":{  
            "id":"sr:match:9769649",
            "scheduled":"2017-03-01T20:30:00+00:00",
            "start_time_tbd":false,
            "tournament_round":{  
               "type":"group",
               "number":25
            },
            "season":{  
               "id":"sr:season:33529",
               "name":"Primera Division 16\/17",
               "start_date":"2016-08-18",
               "end_date":"2017-05-22",
               "year":"16\/17",
               "tournament_id":"sr:tournament:8"
            },
            "tournament":{  
               "id":"sr:tournament:8",
               "name":"Primera Division",
               "sport":{  
                  "id":"sr:sport:1",
                  "name":"Soccer"
               },
               "category":{  
                  "id":"sr:category:32",
                  "name":"Spain",
                  "country_code":"ESP"
               }
            },
            "competitors":[  
               {  
                  "id":"sr:competitor:33779",
                  "name":"Granada CF",
                  "country":"Spain",
                  "country_code":"ESP",
                  "abbreviation":"GRA",
                  "qualifier":"home"
               },
               {  
                  "id":"sr:competitor:2885",
                  "name":"CD Alaves",
                  "country":"Spain",
                  "country_code":"ESP",
                  "abbreviation":"ALA",
                  "qualifier":"away"
               }
            ]
         },
         "sport_event_status":{  
            "status":"closed",
            "home_score":2,
            "away_score":1,
            "winner_id":"sr:competitor:33779",
            "period_scores":[  
               {  
                  "home_score":1,
                  "away_score":0,
                  "type":"regular_period",
                  "number":1
               },
               {  
                  "home_score":1,
                  "away_score":1,
                  "type":"regular_period",
                  "number":2
               }
            ]
         }
      }
   ]
}